Bug_ID,Project,Bug_Number,Category,Change_Pattern,Blame_Suitable,Feasibility_Ratio,Total_Additions,Total_Deletions
Gson_1,Gson,1,SFMH,mix,1,0.02,1,41
Gson_2,Gson,2,SFMH,mix,1,0.07,1,13
Gson_3,Gson,3,SFMH,mix,1,0.06,1,17
Gson_4,Gson,4,MFMH,pure_addition,1,0.68,19,9
Gson_5,Gson,5,SL,pure_deletion,0,0.00,0,1
Gson_6,Gson,6,SFMH,pure_deletion,0,0.00,0,2
Gson_7,Gson,7,SFMH,mix,1,0.17,2,10
Gson_8,Gson,8,SFMH,pure_deletion,0,0.00,0,13
Gson_9,Gson,9,MFMH,mix,1,0.20,4,16
Gson_10,Gson,10,SH,mix,1,0.50,2,2
Gson_11,Gson,11,SL,pure_deletion,0,0.00,0,1
Gson_12,Gson,12,SFMH,pure_deletion,0,0.00,0,4
Gson_13,Gson,13,SL,mix,1,0.50,1,1
Gson_14,Gson,14,SFMH,pure_deletion,0,0.00,0,8
Gson_15,Gson,15,SL,mix,1,0.50,1,1
Gson_16,Gson,16,SFMH,pure_deletion,0,0.00,0,5
Gson_17,Gson,17,SH,mix,1,0.40,2,3
Gson_18,Gson,18,SFMH,pure_deletion,0,0.00,0,3
JacksonXml_1,JacksonXml,1,SFMH,mix,1,0.33,4,8
JacksonXml_2,JacksonXml,2,SFMH,mix,1,0.04,1,27
JacksonXml_3,JacksonXml,3,SFMH,pure_addition,1,0.67,2,1
JacksonXml_4,JacksonXml,4,SFMH,mix,1,0.17,1,5
JacksonXml_5,JacksonXml,5,SL,mix,1,0.50,1,1
JacksonXml_6,JacksonXml,6,SFMH,pure_deletion,0,0.00,0,66
JxPath_1,JxPath,1,MFMH,mix,1,0.40,2,3
JxPath_2,JxPath,2,SFMH,mix,1,0.09,1,10
JxPath_3,JxPath,3,SFMH,mix,1,0.06,1,15
JxPath_4,JxPath,4,MFMH,mix,1,0.46,28,33
JxPath_5,JxPath,5,SH,pure_addition,1,0.75,3,1
JxPath_6,JxPath,6,SFMH,mix,1,0.17,2,10
JxPath_7,JxPath,7,MFMH,mix,1,0.18,16,75
JxPath_8,JxPath,8,SFMH,pure_deletion,0,0.00,0,6
JxPath_9,JxPath,9,MFMH,mix,1,0.46,22,26
JxPath_10,JxPath,10,SL,mix,1,0.50,1,1
JxPath_11,JxPath,11,MFMH,mix,1,0.12,2,15
JxPath_12,JxPath,12,SH,mix,1,0.33,1,2
JxPath_13,JxPath,13,MFMH,mix,1,0.33,24,48
JxPath_14,JxPath,14,SFMH,pure_deletion,0,0.00,0,9
JxPath_15,JxPath,15,SFMH,mix,1,0.20,2,8
JxPath_16,JxPath,16,MFMH,pure_addition,1,0.60,3,2
JxPath_17,JxPath,17,MFMH,mix,1,0.61,14,9
JxPath_18,JxPath,18,SFMH,mix,1,0.24,5,16
JxPath_19,JxPath,19,MFMH,mix,1,0.25,6,18
JxPath_20,JxPath,20,SFMH,mix,1,0.09,1,10
JxPath_21,JxPath,21,SH,mix,1,0.33,1,2
JxPath_22,JxPath,22,SFMH,mix,1,0.50,3,3
Chart_1,Chart,1,SL,mix,1,0.50,1,1
Chart_2,Chart,2,SFMH,pure_deletion,0,0.00,0,14
Chart_3,Chart,3,SH,pure_deletion,0,0.00,0,2
Chart_4,Chart,4,SFMH,pure_deletion,0,0.00,0,2
Chart_5,Chart,5,SFMH,mix,1,0.17,1,5
Chart_6,Chart,6,SH,mix,1,0.11,1,8
Chart_7,Chart,7,MFMH,mix,1,0.50,2,2
Chart_8,Chart,8,SL,mix,1,0.50,1,1
Chart_9,Chart,9,SL,mix,1,0.50,1,1
Chart_10,Chart,10,SL,mix,1,0.50,1,1
Chart_11,Chart,11,SL,mix,1,0.50,1,1
Chart_12,Chart,12,SL,mix,1,0.50,1,1
Chart_13,Chart,13,SL,mix,1,0.50,1,1
Chart_14,Chart,14,MFMH,pure_deletion,0,0.00,0,12
Chart_15,Chart,15,SFMH,pure_deletion,0,0.00,0,5
Chart_16,Chart,16,SFMH,mix,1,0.50,3,3
Chart_17,Chart,17,SH,mix,1,0.33,1,2
Chart_18,Chart,18,MFMH,mix,1,0.21,3,11
Chart_19,Chart,19,SFMH,pure_deletion,0,0.00,0,6
Chart_20,Chart,20,SL,mix,1,0.50,1,1
Chart_21,Chart,21,SFMH,pure_deletion,0,0.00,0,39
Chart_22,Chart,22,SFMH,mix,1,0.09,3,32
Chart_23,Chart,23,SH,pure_deletion,0,0.00,0,19
Chart_24,Chart,24,SL,mix,1,0.50,1,1
Chart_25,Chart,25,SFMH,mix,1,0.12,2,14
Chart_26,Chart,26,SFMH,pure_deletion,0,0.00,0,2
Math_1,Math,1,MFMH,pure_deletion,0,0.00,0,6
Math_2,Math,2,SL,mix,1,0.50,1,1
Math_3,Math,3,SFMH,pure_deletion,0,0.00,0,3
Math_4,Math,4,MFMH,pure_deletion,0,0.00,0,6
Math_5,Math,5,SL,mix,1,0.50,1,1
Math_6,Math,6,MFMH,mix,1,0.53,16,14
Math_7,Math,7,SFMH,mix,1,0.53,9,8
Math_8,Math,8,SFMH,mix,1,0.50,2,2
Math_9,Math,9,SH,mix,1,0.33,1,2
Math_10,Math,10,SL,pure_deletion,0,0.00,0,1
Math_11,Math,11,SL,mix,1,0.50,1,1
Math_12,Math,12,SFMH,mix,1,0.20,1,4
Math_13,Math,13,SFMH,pure_deletion,0,0.00,0,9
Math_14,Math,14,MFMH,mix,1,0.29,4,10
Math_15,Math,15,SFMH,mix,1,0.33,1,2
Math_16,Math,16,SFMH,mix,1,0.09,2,21
Math_17,Math,17,SFMH,pure_deletion,0,0.00,0,4
Math_18,Math,18,SFMH,mix,1,0.40,4,6
Math_19,Math,19,SH,pure_deletion,0,0.00,0,13
Math_20,Math,20,SH,mix,1,0.33,1,2
Math_21,Math,21,SFMH,mix,1,0.43,10,13
Math_22,Math,22,MFMH,mix,1,0.50,2,2
Math_23,Math,23,SFMH,mix,1,0.18,2,9
Math_24,Math,24,SFMH,mix,1,0.50,2,2
Math_25,Math,25,SFMH,pure_deletion,0,0.00,0,3
Math_26,Math,26,SFMH,mix,1,0.50,2,2
Math_27,Math,27,SL,mix,1,0.50,1,1
Math_28,Math,28,SFMH,pure_deletion,0,0.00,0,4
Math_29,Math,29,SFMH,mix,1,0.21,4,15
Math_30,Math,30,SL,mix,1,0.50,1,1
Math_31,Math,31,SFMH,pure_addition,1,0.72,33,13
Math_32,Math,32,SL,mix,1,0.50,1,1
Math_33,Math,33,SL,mix,1,0.50,1,1
Math_34,Math,34,SL,mix,1,0.50,1,1
Math_35,Math,35,SFMH,mix,1,0.50,2,2
Math_36,Math,36,SFMH,pure_deletion,0,0.00,0,12
Math_37,Math,37,SFMH,mix,1,0.12,2,14
Math_38,Math,38,SFMH,mix,1,0.50,4,4
Math_39,Math,39,SH,pure_deletion,0,0.00,0,9
Math_40,Math,40,SFMH,mix,1,0.20,2,8
Math_41,Math,41,SL,mix,1,0.50,1,1
Math_42,Math,42,SFMH,mix,1,0.25,1,3
Math_43,Math,43,SFMH,mix,1,0.50,3,3
Math_44,Math,44,SFMH,mix,1,0.14,1,6
Math_45,Math,45,SH,pure_deletion,0,0.00,0,5
Math_46,Math,46,SFMH,mix,1,0.50,2,2
Math_47,Math,47,SFMH,mix,1,0.38,3,5
Math_48,Math,48,SH,pure_deletion,0,0.00,0,3
Math_49,Math,49,SFMH,mix,1,0.50,4,4
Math_50,Math,50,SH,pure_addition,1,1.00,4,0
Math_51,Math,51,SFMH,pure_deletion,0,0.00,0,9
Math_52,Math,52,SFMH,mix,1,0.43,3,4
Math_53,Math,53,SH,pure_deletion,0,0.00,0,3
Math_54,Math,54,SFMH,mix,1,0.12,1,7
Math_55,Math,55,SFMH,mix,1,0.05,1,18
Math_56,Math,56,SH,pure_addition,1,0.88,7,1
Math_57,Math,57,SL,mix,1,0.50,1,1
Math_58,Math,58,SL,mix,1,0.50,1,1
Math_59,Math,59,SL,mix,1,0.50,1,1
Math_60,Math,60,SFMH,pure_addition,1,0.77,10,3
Math_61,Math,61,SFMH,mix,1,0.50,2,2
Math_62,Math,62,SFMH,pure_addition,1,0.57,4,3
Math_63,Math,63,SL,mix,1,0.50,1,1
Math_64,Math,64,SFMH,mix,1,0.27,8,22
Math_65,Math,65,SFMH,pure_addition,1,0.78,7,2
Math_66,Math,66,SFMH,pure_addition,1,0.67,22,11
Math_67,Math,67,SFMH,mix,1,0.50,2,2
Math_68,Math,68,SFMH,mix,1,0.14,2,12
Math_69,Math,69,SL,mix,1,0.50,1,1
Math_70,Math,70,SL,mix,1,0.50,1,1
Math_71,Math,71,MFMH,pure_deletion,0,0.00,0,7
Math_72,Math,72,SFMH,mix,1,0.50,2,2
Math_73,Math,73,SH,pure_deletion,0,0.00,0,4
Math_74,Math,74,SFMH,mix,1,0.36,4,7
Math_75,Math,75,SL,mix,1,0.50,1,1
Math_76,Math,76,SFMH,mix,1,0.36,8,14
Math_77,Math,77,MFMH,pure_addition,1,0.91,10,1
Math_78,Math,78,SFMH,pure_deletion,0,0.00,0,11
Math_79,Math,79,SFMH,mix,1,0.50,2,2
Math_80,Math,80,SL,mix,1,0.50,1,1
Math_81,Math,81,SFMH,mix,1,0.43,3,4
Math_82,Math,82,SL,mix,1,0.50,1,1
Math_83,Math,83,SFMH,mix,1,0.50,3,3
Math_84,Math,84,SFMH,pure_deletion,0,0.00,0,9
Math_85,Math,85,SL,mix,1,0.50,1,1
Math_86,Math,86,SFMH,mix,1,0.50,3,3
Math_87,Math,87,SFMH,pure_addition,1,0.67,4,2
Math_88,Math,88,SFMH,pure_addition,1,0.55,6,5
Math_89,Math,89,SFMH,pure_deletion,0,0.00,0,4
Math_90,Math,90,SFMH,pure_deletion,0,0.00,0,3
Math_91,Math,91,SH,mix,1,0.50,2,2
Math_92,Math,92,SFMH,mix,1,0.11,6,49
Math_93,Math,93,SFMH,mix,1,0.17,2,10
Math_94,Math,94,SL,mix,1,0.50,1,1
Math_95,Math,95,SFMH,mix,1,0.25,1,3
Math_96,Math,96,SL,mix,1,0.50,1,1
Math_97,Math,97,SFMH,mix,1,0.11,2,16
Math_98,Math,98,MFMH,mix,1,0.50,2,2
Math_99,Math,99,SFMH,pure_deletion,0,0.00,0,8
Math_100,Math,100,SFMH,mix,1,0.50,3,3
Math_101,Math,101,SH,mix,1,0.33,1,2
Math_102,Math,102,SFMH,pure_deletion,0,0.00,0,17
Math_103,Math,103,SFMH,pure_deletion,0,0.00,0,10
Math_104,Math,104,SL,mix,1,0.50,1,1
Math_105,Math,105,SL,mix,1,0.50,1,1
Math_106,Math,106,SFMH,pure_deletion,0,0.00,0,8
Cli_1,Cli,1,SFMH,mix,1,0.49,30,31
Cli_2,Cli,2,SFMH,mix,1,0.40,2,3
Cli_3,Cli,3,SH,mix,1,0.08,1,11
Cli_4,Cli,4,SH,mix,1,0.25,1,3
Cli_5,Cli,5,SH,pure_deletion,0,0.00,0,3
Cli_7,Cli,7,SFMH,mix,1,0.50,2,2
Cli_8,Cli,8,SL,mix,1,0.50,1,1
Cli_9,Cli,9,SFMH,mix,1,0.33,1,2
Cli_10,Cli,10,SFMH,mix,1,0.33,1,2
Cli_11,Cli,11,SL,mix,1,0.50,1,1
Cli_12,Cli,12,SFMH,mix,1,0.14,1,6
Cli_13,Cli,13,MFMH,mix,1,0.09,1,10
Cli_14,Cli,14,SFMH,mix,1,0.50,3,3
Cli_15,Cli,15,SFMH,mix,1,0.26,5,14
Cli_16,Cli,16,MFMH,pure_deletion,0,0.00,0,15
Cli_17,Cli,17,SL,pure_deletion,0,0.00,0,1
Cli_18,Cli,18,SFMH,mix,1,0.71,5,2
Cli_19,Cli,19,SFMH,mix,1,0.50,2,2
Cli_20,Cli,20,SFMH,mix,1,0.31,4,9
Cli_21,Cli,21,MFMH,pure_deletion,0,0.00,0,34
Cli_22,Cli,22,SFMH,mix,1,0.41,9,13
Cli_23,Cli,23,SFMH,mix,1,0.45,5,6
Cli_24,Cli,24,SH,pure_addition,1,0.67,2,1
Cli_25,Cli,25,SL,mix,1,0.50,1,1
Cli_26,Cli,26,SFMH,mix,1,0.17,1,5
Cli_27,Cli,27,SFMH,mix,1,0.50,2,2
Cli_28,Cli,28,SL,mix,1,0.50,1,1
Cli_29,Cli,29,SFMH,pure_addition,1,0.75,6,2
Cli_30,Cli,30,MFMH,mix,1,0.20,4,16
Cli_31,Cli,31,MFMH,mix,1,0.50,4,4
Cli_32,Cli,32,SH,pure_addition,1,0.83,5,1
Cli_33,Cli,33,SFMH,mix,1,0.05,1,18
Cli_34,Cli,34,MFMH,mix,1,0.50,2,2
Cli_35,Cli,35,SH,pure_deletion,0,0.00,0,3
Cli_36,Cli,36,MFMH,mix,1,0.50,3,3
Cli_37,Cli,37,SFMH,mix,1,0.12,1,7
Cli_38,Cli,38,SFMH,mix,1,0.17,1,5
Cli_39,Cli,39,SFMH,mix,1,0.08,1,12
Cli_40,Cli,40,SL,mix,1,0.50,1,1
Csv_1,Csv,1,SL,mix,1,0.50,1,1
Csv_2,Csv,2,SFMH,pure_deletion,0,0.00,0,7
Csv_3,Csv,3,SFMH,pure_deletion,0,0.00,0,3
Csv_4,Csv,4,SL,mix,1,0.50,1,1
Csv_5,Csv,5,SFMH,pure_deletion,0,0.00,0,2
Csv_6,Csv,6,SFMH,pure_deletion,0,0.00,0,2
Csv_7,Csv,7,SFMH,pure_deletion,0,0.00,0,4
Csv_8,Csv,8,SFMH,mix,1,0.54,7,6
Csv_9,Csv,9,SH,pure_deletion,0,0.00,0,3
Csv_10,Csv,10,SH,pure_deletion,0,0.00,0,3
Csv_11,Csv,11,SL,mix,1,0.50,1,1
Csv_12,Csv,12,SL,mix,1,0.50,1,1
Csv_13,Csv,13,MFMH,mix,1,0.33,2,4
Csv_14,Csv,14,SL,mix,1,0.50,1,1
Csv_15,Csv,15,SH,pure_addition,1,0.75,3,1
Csv_16,Csv,16,SFMH,mix,1,0.25,2,6
Closure_1,Closure,1,SH,pure_deletion,0,0.00,0,3
Closure_2,Closure,2,SFMH,pure_deletion,0,0.00,0,4
Closure_3,Closure,3,SFMH,mix,1,0.20,2,8
Closure_4,Closure,4,SFMH,mix,1,0.50,2,2
Closure_5,Closure,5,SH,pure_deletion,0,0.00,0,3
Closure_6,Closure,6,SFMH,pure_addition,1,1.00,8,0
Closure_7,Closure,7,SFMH,mix,1,0.17,1,5
Closure_8,Closure,8,SFMH,pure_deletion,0,0.00,0,4
Closure_9,Closure,9,SFMH,mix,1,0.33,1,2
Closure_10,Closure,10,SL,mix,1,0.50,1,1
Closure_11,Closure,11,SH,pure_addition,1,1.00,2,0
Closure_12,Closure,12,SH,pure_deletion,0,0.00,0,6
Closure_13,Closure,13,SFMH,mix,1,0.50,1,1
Closure_14,Closure,14,SL,mix,1,0.50,1,1
Closure_15,Closure,15,SH,pure_deletion,0,0.00,0,3
Closure_16,Closure,16,SFMH,mix,1,0.25,3,9
Closure_17,Closure,17,SFMH,mix,1,0.17,1,5
Closure_18,Closure,18,SL,mix,1,0.50,1,1
Closure_19,Closure,19,SFMH,pure_deletion,0,0.00,0,2
Closure_20,Closure,20,SH,mix,1,0.33,1,2
Closure_21,Closure,21,SFMH,pure_addition,1,0.90,19,2
Closure_22,Closure,22,SFMH,pure_addition,1,0.93,26,2
Closure_23,Closure,23,SFMH,mix,1,0.12,1,7
Closure_24,Closure,24,SFMH,mix,1,0.43,3,4
Closure_25,Closure,25,SFMH,pure_addition,1,0.67,4,2
Closure_26,Closure,26,SFMH,pure_deletion,0,0.00,0,5
Closure_27,Closure,27,SFMH,mix,1,0.33,3,6
Closure_28,Closure,28,SH,pure_deletion,0,0.00,0,4
Closure_29,Closure,29,SFMH,pure_deletion,0,0.00,0,10
Closure_30,Closure,30,MFMH,mix,1,0.17,2,10
Closure_31,Closure,31,SL,pure_addition,1,1.00,1,0
Closure_32,Closure,32,SFMH,mix,1,0.17,3,15
Closure_33,Closure,33,SH,pure_deletion,0,0.00,0,3
Closure_34,Closure,34,MFMH,pure_addition,1,0.62,5,3
Closure_35,Closure,35,SH,pure_addition,1,0.88,15,2
Closure_36,Closure,36,SH,pure_deletion,0,0.00,0,3
Closure_37,Closure,37,MFMH,mix,1,0.17,1,5
Closure_38,Closure,38,SL,mix,1,0.50,1,1
Closure_39,Closure,39,SFMH,mix,1,0.50,3,3
Closure_40,Closure,40,SFMH,pure_addition,1,0.75,3,1
Closure_41,Closure,41,SFMH,pure_deletion,0,0.00,0,9
Closure_42,Closure,42,SFMH,pure_deletion,0,0.00,0,7
Closure_43,Closure,43,SFMH,pure_deletion,0,0.00,0,17
Closure_44,Closure,44,SFMH,pure_deletion,0,0.00,0,2
Closure_45,Closure,45,SFMH,mix,1,0.25,2,6
Closure_46,Closure,46,SH,pure_addition,1,1.00,16,0
Closure_47,Closure,47,MFMH,mix,1,0.27,3,8
Closure_48,Closure,48,SFMH,mix,1,0.36,4,7
Closure_49,Closure,49,SFMH,mix,1,0.36,8,14
Closure_50,Closure,50,SFMH,mix,1,0.14,1,6
Closure_51,Closure,51,SFMH,mix,1,0.20,1,4
Closure_52,Closure,52,SL,mix,1,0.50,1,1
Closure_53,Closure,53,SFMH,pure_deletion,0,0.00,0,4
Closure_54,Closure,54,MFMH,mix,1,0.20,3,12
Closure_55,Closure,55,SH,mix,1,0.33,1,2
Closure_56,Closure,56,SFMH,pure_deletion,0,0.00,0,4
Closure_57,Closure,57,SL,mix,1,0.50,1,1
Closure_58,Closure,58,SFMH,pure_deletion,0,0.00,0,4
Closure_59,Closure,59,SH,mix,1,0.33,1,2
Closure_60,Closure,60,SFMH,pure_deletion,0,0.00,0,5
Closure_61,Closure,61,SH,pure_deletion,0,0.00,0,6
Closure_62,Closure,62,SL,mix,1,0.50,1,1
Closure_64,Closure,64,SFMH,mix,1,0.50,4,4
Closure_65,Closure,65,SL,mix,1,0.50,1,1
Closure_66,Closure,66,SFMH,pure_deletion,0,0.00,0,2
Closure_67,Closure,67,SL,mix,1,0.50,1,1
Closure_68,Closure,68,SFMH,mix,1,0.25,1,3
Closure_69,Closure,69,SH,pure_deletion,0,0.00,0,7
Closure_70,Closure,70,SL,mix,1,0.50,1,1
Closure_71,Closure,71,SL,mix,1,0.50,1,1
Closure_72,Closure,72,MFMH,mix,1,0.25,1,3
Closure_73,Closure,73,SL,mix,1,0.50,1,1
Closure_74,Closure,74,SFMH,mix,1,0.12,2,15
Closure_75,Closure,75,SFMH,mix,1,0.20,1,4
Closure_76,Closure,76,SFMH,mix,1,0.14,6,37
Closure_77,Closure,77,SL,pure_deletion,0,0.00,0,1
Closure_78,Closure,78,SFMH,pure_addition,1,1.00,2,0
Closure_79,Closure,79,MFMH,mix,1,0.33,1,2
Closure_80,Closure,80,SFMH,pure_deletion,0,0.00,0,2
Closure_81,Closure,81,SH,pure_deletion,0,0.00,0,7
Closure_82,Closure,82,SH,mix,1,0.25,1,3
Closure_83,Closure,83,SH,mix,1,0.20,1,4
Closure_84,Closure,84,SFMH,pure_deletion,0,0.00,0,27
Closure_85,Closure,85,SFMH,mix,1,0.64,14,8
Closure_86,Closure,86,SL,mix,1,0.50,1,1
Closure_87,Closure,87,SFMH,mix,1,0.07,1,13
Closure_88,Closure,88,SFMH,pure_deletion,0,0.00,0,6
Closure_89,Closure,89,MFMH,mix,1,0.20,1,4
Closure_90,Closure,90,MFMH,mix,1,0.20,1,4
Closure_91,Closure,91,SH,pure_deletion,0,0.00,0,9
Closure_92,Closure,92,SL,mix,1,0.50,1,1
Closure_94,Closure,94,SFMH,pure_deletion,0,0.00,0,19
Closure_95,Closure,95,SFMH,pure_deletion,0,0.00,0,7
Closure_96,Closure,96,SFMH,mix,1,0.20,1,4
Closure_97,Closure,97,SH,mix,1,0.33,1,2
Closure_98,Closure,98,SFMH,pure_deletion,0,0.00,0,19
Closure_99,Closure,99,SFMH,mix,1,0.14,1,6
Closure_100,Closure,100,SFMH,mix,1,0.11,1,8
Closure_101,Closure,101,SFMH,pure_addition,1,0.75,3,1
Closure_102,Closure,102,SFMH,mix,1,0.50,1,1
Closure_103,Closure,103,MFMH,pure_deletion,0,0.00,0,8
Closure_104,Closure,104,SL,mix,1,0.50,1,1
Closure_105,Closure,105,SFMH,mix,1,0.42,5,7
Closure_106,Closure,106,MFMH,mix,1,0.33,2,4
Closure_107,Closure,107,SL,pure_deletion,0,0.00,0,1
Closure_108,Closure,108,SFMH,mix,1,0.20,1,4
Closure_109,Closure,109,SH,mix,1,0.17,1,5
Closure_110,Closure,110,MFMH,mix,1,0.14,4,25
Closure_111,Closure,111,SH,mix,1,0.33,1,2
Closure_112,Closure,112,SH,mix,1,0.25,3,9
Closure_113,Closure,113,SL,mix,1,0.50,1,1
Closure_114,Closure,114,SL,mix,1,0.50,1,1
Closure_115,Closure,115,SFMH,pure_addition,1,1.00,11,0
Closure_116,Closure,116,SFMH,pure_deletion,0,0.00,0,12
Closure_117,Closure,117,SFMH,mix,1,0.50,12,12
Closure_118,Closure,118,SH,pure_deletion,0,0.00,0,3
Closure_119,Closure,119,SL,pure_deletion,0,0.00,0,1
Closure_120,Closure,120,SH,pure_deletion,0,0.00,0,3
Closure_121,Closure,121,SFMH,mix,1,0.25,1,3
Closure_122,Closure,122,SH,mix,1,0.33,1,2
Closure_123,Closure,123,SL,mix,1,0.50,1,1
Closure_124,Closure,124,SFMH,pure_deletion,0,0.00,0,2
Closure_125,Closure,125,SL,mix,1,0.50,1,1
Closure_126,Closure,126,SH,pure_addition,1,1.00,4,0
Closure_127,Closure,127,SFMH,mix,1,0.09,1,10
Closure_128,Closure,128,SFMH,mix,1,0.20,1,4
Closure_129,Closure,129,SH,pure_deletion,0,0.00,0,3
Closure_130,Closure,130,SL,mix,1,0.50,1,1
Closure_131,Closure,131,SFMH,mix,1,0.33,1,2
Closure_132,Closure,132,SH,mix,1,0.25,1,3
Closure_133,Closure,133,SL,pure_deletion,0,0.00,0,1
Closure_134,Closure,134,MFMH,mix,1,0.37,10,17
Closure_135,Closure,135,MFMH,pure_deletion,0,0.00,0,8
Closure_136,Closure,136,MFMH,mix,1,0.70,21,9
Closure_137,Closure,137,MFMH,mix,1,0.37,43,72
Closure_138,Closure,138,MFMH,mix,1,0.29,4,10
Closure_139,Closure,139,SFMH,mix,1,0.03,1,32
Closure_140,Closure,140,SFMH,mix,1,0.40,6,9
Closure_141,Closure,141,MFMH,mix,1,0.11,3,25
Closure_142,Closure,142,MFMH,pure_deletion,0,0.00,0,6
Closure_143,Closure,143,MFMH,mix,1,0.33,2,4
Closure_144,Closure,144,MFMH,mix,1,0.09,4,43
Closure_145,Closure,145,SFMH,pure_deletion,0,0.00,0,13
Closure_146,Closure,146,SH,mix,1,0.33,1,2
Closure_147,Closure,147,MFMH,mix,1,0.12,1,7
Closure_148,Closure,148,MFMH,mix,1,0.34,77,150
Closure_149,Closure,149,MFMH,mix,1,0.32,8,17
Closure_150,Closure,150,SH,pure_addition,1,0.94,15,1
Closure_151,Closure,151,SFMH,pure_deletion,0,0.00,0,13
Closure_152,Closure,152,SH,mix,1,0.20,1,4
Closure_153,Closure,153,MFMH,mix,1,0.43,20,26
Closure_154,Closure,154,MFMH,mix,1,0.42,19,26
Closure_155,Closure,155,MFMH,mix,1,0.05,4,70
Closure_156,Closure,156,SFMH,mix,1,0.32,11,23
Closure_157,Closure,157,MFMH,mix,1,0.19,15,63
Closure_158,Closure,158,MFMH,mix,1,0.28,30,76
Closure_159,Closure,159,SH,pure_addition,1,0.57,4,3
Closure_160,Closure,160,SFMH,mix,1,0.50,4,4
Closure_161,Closure,161,SH,pure_deletion,0,0.00,0,3
Closure_162,Closure,162,MFMH,mix,1,0.33,20,40
Closure_163,Closure,163,MFMH,mix,1,0.29,53,127
Closure_164,Closure,164,SFMH,pure_deletion,0,0.00,0,17
Closure_165,Closure,165,MFMH,mix,1,0.06,2,29
Closure_166,Closure,166,SH,pure_deletion,0,0.00,0,6
Closure_167,Closure,167,MFMH,mix,1,0.48,14,15
Closure_168,Closure,168,SL,mix,1,0.50,1,1
Closure_169,Closure,169,MFMH,mix,1,0.23,36,119
Closure_170,Closure,170,SFMH,mix,1,0.18,3,14
Closure_171,Closure,171,MFMH,mix,1,0.60,6,4
Closure_172,Closure,172,SFMH,pure_deletion,0,0.00,0,6
Closure_173,Closure,173,MFMH,mix,1,0.17,6,29
Closure_174,Closure,174,MFMH,mix,1,0.29,6,15
Closure_175,Closure,175,SFMH,mix,1,0.50,19,19
Closure_176,Closure,176,SFMH,mix,1,0.33,4,8
Codec_1,Codec,1,MFMH,mix,1,0.50,3,3
Codec_2,Codec,2,SL,mix,1,0.50,1,1
Codec_3,Codec,3,SL,mix,1,0.50,1,1
Codec_4,Codec,4,SL,mix,1,0.50,1,1
Codec_5,Codec,5,SH,pure_deletion,0,0.00,0,3
Codec_6,Codec,6,SFMH,mix,1,0.17,1,5
Codec_7,Codec,7,SL,mix,1,0.50,1,1
Codec_8,Codec,8,MFMH,pure_addition,1,1.00,10,0
Codec_9,Codec,9,SL,mix,1,0.50,1,1
Codec_10,Codec,10,SL,mix,1,0.50,1,1
Codec_11,Codec,11,SFMH,mix,1,0.17,11,52
Codec_12,Codec,12,SFMH,pure_deletion,0,0.00,0,29
Codec_13,Codec,13,MFMH,mix,1,0.01,1,77
Codec_14,Codec,14,MFMH,mix,1,0.01,6,624
Codec_15,Codec,15,SFMH,mix,1,0.45,5,6
Codec_16,Codec,16,SL,mix,1,0.50,1,1
Codec_17,Codec,17,SL,mix,1,0.50,1,1
Codec_18,Codec,18,SL,mix,1,0.50,1,1
Jsoup_1,Jsoup,1,SH,mix,1,0.50,2,2
Jsoup_2,Jsoup,2,SL,pure_deletion,0,0.00,0,1
Jsoup_3,Jsoup,3,MFMH,mix,1,0.33,21,43
Jsoup_4,Jsoup,4,SFMH,mix,1,0.50,3,3
Jsoup_5,Jsoup,5,SH,mix,1,0.33,1,2
Jsoup_6,Jsoup,6,SFMH,mix,1,0.50,2,2
Jsoup_7,Jsoup,7,SFMH,pure_deletion,0,0.00,0,22
Jsoup_8,Jsoup,8,SFMH,mix,1,0.20,1,4
Jsoup_9,Jsoup,9,SL,mix,1,0.50,1,1
Jsoup_10,Jsoup,10,SH,pure_deletion,0,0.00,0,2
Jsoup_11,Jsoup,11,SFMH,pure_deletion,0,0.00,0,25
Jsoup_12,Jsoup,12,SFMH,mix,1,0.06,1,15
Jsoup_13,Jsoup,13,SH,pure_deletion,0,0.00,0,5
Jsoup_14,Jsoup,14,MFMH,pure_deletion,0,0.00,0,8
Jsoup_15,Jsoup,15,SL,mix,1,0.50,1,1
Jsoup_16,Jsoup,16,SFMH,mix,1,0.33,2,4
Jsoup_17,Jsoup,17,SL,mix,1,0.50,1,1
Jsoup_18,Jsoup,18,SFMH,mix,1,0.33,1,2
Jsoup_19,Jsoup,19,SH,pure_deletion,0,0.00,0,2
Jsoup_20,Jsoup,20,SH,pure_deletion,0,0.00,0,2
Jsoup_21,Jsoup,21,MFMH,mix,1,0.36,9,16
Jsoup_22,Jsoup,22,MFMH,mix,1,0.08,2,23
Jsoup_23,Jsoup,23,MFMH,mix,1,0.05,1,19
Jsoup_24,Jsoup,24,SL,pure_addition,1,1.00,1,0
Jsoup_25,Jsoup,25,SL,mix,1,0.50,1,1
Jsoup_26,Jsoup,26,SL,pure_deletion,0,0.00,0,1
Jsoup_27,Jsoup,27,SFMH,mix,1,0.33,1,2
Jsoup_28,Jsoup,28,MFMH,mix,1,0.59,38,26
Jsoup_29,Jsoup,29,SFMH,mix,1,0.33,1,2
Jsoup_30,Jsoup,30,SFMH,mix,1,0.23,8,27
Jsoup_31,Jsoup,31,MFMH,pure_deletion,0,0.00,0,9
Jsoup_32,Jsoup,32,SL,mix,1,0.50,1,1
Jsoup_33,Jsoup,33,SL,pure_deletion,0,0.00,0,1
Jsoup_34,Jsoup,34,SL,mix,1,0.50,1,1
Jsoup_35,Jsoup,35,SL,pure_deletion,0,0.00,0,1
Jsoup_36,Jsoup,36,SFMH,mix,1,0.05,1,18
Jsoup_37,Jsoup,37,SL,mix,1,0.50,1,1
Jsoup_38,Jsoup,38,SFMH,pure_deletion,0,0.00,0,3
Jsoup_39,Jsoup,39,SL,pure_deletion,0,0.00,0,1
Jsoup_40,Jsoup,40,SL,pure_addition,1,1.00,1,0
Jsoup_41,Jsoup,41,SL,mix,1,0.50,1,1
Jsoup_42,Jsoup,42,SFMH,mix,1,0.33,1,2
Jsoup_43,Jsoup,43,SL,mix,1,0.50,1,1
Jsoup_44,Jsoup,44,SFMH,pure_deletion,0,0.00,0,9
Jsoup_45,Jsoup,45,SL,mix,1,0.50,1,1
Jsoup_46,Jsoup,46,SL,mix,1,0.50,1,1
Jsoup_47,Jsoup,47,SL,mix,1,0.50,1,1
Jsoup_48,Jsoup,48,SFMH,mix,1,0.08,1,11
Jsoup_49,Jsoup,49,SFMH,mix,1,0.50,1,1
Jsoup_50,Jsoup,50,SFMH,mix,1,0.33,7,14
Jsoup_51,Jsoup,51,SL,mix,1,0.50,1,1
Jsoup_52,Jsoup,52,MFMH,mix,1,0.71,25,10
Jsoup_53,Jsoup,53,SFMH,pure_deletion,0,0.00,0,5
Jsoup_54,Jsoup,54,SL,pure_deletion,0,0.00,0,1
Jsoup_55,Jsoup,55,SL,pure_deletion,0,0.00,0,1
Jsoup_56,Jsoup,56,MFMH,mix,1,0.11,3,25
Jsoup_57,Jsoup,57,SL,mix,1,0.50,1,1
Jsoup_58,Jsoup,58,MFMH,mix,1,0.11,2,17
Jsoup_59,Jsoup,59,SFMH,pure_deletion,0,0.00,0,2
Jsoup_60,Jsoup,60,MFMH,pure_deletion,0,0.00,0,7
Jsoup_61,Jsoup,61,SL,mix,1,0.50,1,1
Jsoup_62,Jsoup,62,SL,mix,1,0.50,1,1
Jsoup_63,Jsoup,63,MFMH,pure_addition,1,0.82,14,3
Jsoup_64,Jsoup,64,SFMH,mix,1,0.50,1,1
Jsoup_65,Jsoup,65,MFMH,mix,1,0.33,4,8
Jsoup_66,Jsoup,66,SFMH,mix,1,0.38,5,8
Jsoup_67,Jsoup,67,SFMH,pure_deletion,0,0.00,0,4
Jsoup_68,Jsoup,68,SH,pure_addition,1,0.80,4,1
Jsoup_69,Jsoup,69,SH,pure_deletion,0,0.00,0,5
Jsoup_70,Jsoup,70,SFMH,mix,1,0.29,2,5
Jsoup_71,Jsoup,71,MFMH,pure_deletion,0,0.00,0,48
Jsoup_72,Jsoup,72,SH,pure_deletion,0,0.00,0,2
Jsoup_73,Jsoup,73,SFMH,mix,1,0.30,3,7
Jsoup_74,Jsoup,74,SFMH,mix,1,0.20,1,4
Jsoup_75,Jsoup,75,SH,pure_addition,1,0.67,2,1
Jsoup_76,Jsoup,76,SL,pure_deletion,0,0.00,0,1
Jsoup_77,Jsoup,77,SL,mix,1,0.50,1,1
Jsoup_78,Jsoup,78,SFMH,pure_deletion,0,0.00,0,5
Jsoup_79,Jsoup,79,SFMH,mix,1,0.25,1,3
Jsoup_80,Jsoup,80,SFMH,pure_deletion,0,0.00,0,2
Jsoup_81,Jsoup,81,SFMH,pure_deletion,0,0.00,0,6
Jsoup_82,Jsoup,82,SFMH,pure_deletion,0,0.00,0,3
Jsoup_83,Jsoup,83,MFMH,mix,1,0.22,2,7
Jsoup_84,Jsoup,84,SH,mix,1,0.33,1,2
Jsoup_85,Jsoup,85,SFMH,mix,1,0.33,1,2
Jsoup_86,Jsoup,86,SL,mix,1,0.50,1,1
Jsoup_87,Jsoup,87,MFMH,mix,1,0.46,55,64
Jsoup_88,Jsoup,88,SL,mix,1,0.50,1,1
Jsoup_89,Jsoup,89,SFMH,mix,1,0.33,1,2
Jsoup_90,Jsoup,90,SH,pure_deletion,0,0.00,0,2
Jsoup_91,Jsoup,91,MFMH,pure_deletion,0,0.00,0,15
Jsoup_92,Jsoup,92,MFMH,mix,1,0.05,2,35
Jsoup_93,Jsoup,93,SL,pure_deletion,0,0.00,0,1
Time_1,Time,1,MFMH,mix,1,0.29,4,10
Time_2,Time,2,MFMH,mix,1,0.12,1,7
Time_3,Time,3,SFMH,pure_deletion,0,0.00,0,20
Time_4,Time,4,SL,mix,1,0.50,1,1
Time_5,Time,5,SFMH,mix,1,0.33,6,12
Time_6,Time,6,SFMH,pure_deletion,0,0.00,0,26
Time_7,Time,7,SFMH,mix,1,0.50,1,1
Time_8,Time,8,SFMH,mix,1,0.29,2,5
Time_9,Time,9,SFMH,mix,1,0.23,3,10
Time_10,Time,10,SFMH,mix,1,0.33,1,2
Time_11,Time,11,SH,mix,1,0.44,4,5
Time_12,Time,12,MFMH,mix,1,0.12,2,14
Time_13,Time,13,SFMH,mix,1,0.17,1,5
Time_14,Time,14,SFMH,pure_deletion,0,0.00,0,5
Time_15,Time,15,SH,pure_deletion,0,0.00,0,3
Time_16,Time,16,SL,mix,1,0.50,1,1
Time_17,Time,17,SFMH,mix,1,0.22,5,18
Time_18,Time,18,SFMH,pure_deletion,0,0.00,0,12
Time_19,Time,19,SL,mix,1,0.50,1,1
Time_20,Time,20,SFMH,mix,1,0.20,2,8
Time_22,Time,22,SFMH,mix,1,0.14,1,6
Time_23,Time,23,SFMH,mix,1,0.47,8,9
Time_24,Time,24,SH,pure_deletion,0,0.00,0,5
Time_25,Time,25,SH,pure_deletion,0,0.00,0,9
Time_26,Time,26,MFMH,mix,1,0.32,8,17
Time_27,Time,27,SFMH,pure_deletion,0,0.00,0,2
Compress_1,Compress,1,SL,pure_deletion,0,0.00,0,1
Compress_2,Compress,2,SFMH,mix,1,0.18,7,32
Compress_3,Compress,3,SFMH,pure_deletion,0,0.00,0,6
Compress_4,Compress,4,MFMH,mix,1,0.75,3,1
Compress_5,Compress,5,SH,mix,1,0.25,2,6
Compress_6,Compress,6,SFMH,mix,1,0.33,3,6
Compress_7,Compress,7,SFMH,mix,1,0.40,2,3
Compress_8,Compress,8,SFMH,mix,1,0.25,10,30
Compress_9,Compress,9,SFMH,mix,1,0.10,1,9
Compress_10,Compress,10,SFMH,mix,1,0.25,2,6
Compress_11,Compress,11,SFMH,pure_deletion,0,0.00,0,2
Compress_12,Compress,12,SH,mix,1,0.12,1,7
Compress_13,Compress,13,SH,pure_deletion,0,0.00,0,4
Compress_14,Compress,14,SH,pure_addition,1,0.89,8,1
Compress_15,Compress,15,SFMH,mix,1,0.50,5,5
Compress_16,Compress,16,SFMH,mix,1,0.33,1,2
Compress_17,Compress,17,SFMH,mix,1,0.33,1,2
Compress_18,Compress,18,SFMH,pure_deletion,0,0.00,0,3
Compress_19,Compress,19,SL,mix,1,0.50,1,1
Compress_20,Compress,20,SFMH,mix,1,0.50,6,6
Compress_21,Compress,21,SFMH,pure_addition,1,0.60,3,2
Compress_22,Compress,22,SFMH,pure_addition,1,0.77,17,5
Compress_23,Compress,23,SL,mix,1,0.50,1,1
Compress_24,Compress,24,SFMH,pure_addition,1,0.62,8,5
Compress_25,Compress,25,SL,pure_deletion,0,0.00,0,1
Compress_26,Compress,26,SH,pure_deletion,0,0.00,0,11
Compress_27,Compress,27,SH,pure_addition,1,1.00,4,0
Compress_28,Compress,28,SFMH,mix,1,0.20,1,4
Compress_29,Compress,29,MFMH,pure_deletion,0,0.00,0,20
Compress_30,Compress,30,SH,pure_deletion,0,0.00,0,3
Compress_31,Compress,31,SH,pure_addition,1,1.00,3,0
Compress_32,Compress,32,SFMH,mix,1,0.50,2,2
Compress_33,Compress,33,MFMH,pure_deletion,0,0.00,0,15
Compress_34,Compress,34,SFMH,mix,1,0.33,1,2
Compress_35,Compress,35,SFMH,pure_addition,1,0.86,6,1
Compress_36,Compress,36,SH,pure_deletion,0,0.00,0,3
Compress_37,Compress,37,SH,mix,1,0.25,1,3
Compress_38,Compress,38,SL,mix,1,0.50,1,1
Compress_39,Compress,39,SFMH,mix,1,0.11,1,8
Compress_40,Compress,40,SFMH,mix,1,0.03,1,28
Compress_41,Compress,41,SFMH,mix,1,0.33,1,2
Compress_42,Compress,42,MFMH,mix,1,0.33,1,2
Compress_43,Compress,43,SFMH,mix,1,0.50,5,5
Compress_44,Compress,44,SFMH,pure_deletion,0,0.00,0,6
Compress_45,Compress,45,SFMH,mix,1,0.33,1,2
Compress_46,Compress,46,SH,pure_addition,1,0.67,2,1
Compress_47,Compress,47,SFMH,mix,1,0.07,1,14
Mockito_1,Mockito,1,SH,mix,1,0.08,1,12
Mockito_2,Mockito,2,SFMH,pure_deletion,0,0.00,0,7
Mockito_3,Mockito,3,SFMH,mix,1,0.15,3,17
Mockito_4,Mockito,4,SFMH,mix,1,0.29,2,5
Mockito_5,Mockito,5,SL,mix,1,0.50,1,1
Mockito_6,Mockito,6,SFMH,mix,1,0.50,20,20
Mockito_7,Mockito,7,SL,pure_deletion,0,0.00,0,1
Mockito_8,Mockito,8,SL,mix,1,0.50,1,1
Mockito_9,Mockito,9,SFMH,pure_deletion,0,0.00,0,5
Mockito_10,Mockito,10,SFMH,mix,1,0.33,5,10
Mockito_11,Mockito,11,SFMH,mix,1,0.10,1,9
Mockito_12,Mockito,12,SFMH,pure_deletion,0,0.00,0,4
Mockito_13,Mockito,13,SFMH,mix,1,0.25,1,3
Mockito_14,Mockito,14,MFMH,mix,1,0.17,1,5
Mockito_15,Mockito,15,SFMH,pure_deletion,0,0.00,0,3
Mockito_16,Mockito,16,MFMH,mix,1,0.44,4,5
Mockito_17,Mockito,17,MFMH,mix,1,0.18,2,9
Mockito_18,Mockito,18,SH,pure_deletion,0,0.00,0,2
Mockito_19,Mockito,19,MFMH,mix,1,0.24,8,26
Mockito_20,Mockito,20,SFMH,mix,1,0.40,2,3
Mockito_21,Mockito,21,SFMH,mix,1,0.17,4,20
Mockito_22,Mockito,22,SH,mix,1,0.25,1,3
Mockito_23,Mockito,23,SFMH,mix,1,0.14,3,18
Mockito_24,Mockito,24,SL,mix,1,0.50,1,1
Mockito_25,Mockito,25,SFMH,mix,1,0.17,6,29
Mockito_26,Mockito,26,SL,mix,1,0.50,1,1
Mockito_27,Mockito,27,SH,pure_addition,1,0.67,2,1
Mockito_28,Mockito,28,SH,mix,1,0.33,1,2
Mockito_29,Mockito,29,SL,mix,1,0.50,1,1
Mockito_30,Mockito,30,MFMH,mix,1,0.40,2,3
Mockito_31,Mockito,31,SFMH,mix,1,0.25,1,3
Mockito_32,Mockito,32,SFMH,mix,1,0.17,1,5
Mockito_33,Mockito,33,SFMH,mix,1,0.08,1,12
Mockito_34,Mockito,34,SL,mix,1,0.50,1,1
Mockito_35,Mockito,35,SFMH,mix,1,0.50,3,3
Mockito_36,Mockito,36,SFMH,pure_deletion,0,0.00,0,4
Mockito_37,Mockito,37,SFMH,pure_deletion,0,0.00,0,8
Mockito_38,Mockito,38,SL,mix,1,0.50,1,1
JacksonCore_1,JacksonCore,1,MFMH,mix,1,0.13,2,13
JacksonCore_2,JacksonCore,2,MFMH,mix,1,0.06,3,49
JacksonCore_3,JacksonCore,3,SFMH,pure_deletion,0,0.00,0,2
JacksonCore_4,JacksonCore,4,SFMH,mix,1,0.20,1,4
JacksonCore_5,JacksonCore,5,SL,mix,1,0.50,1,1
JacksonCore_6,JacksonCore,6,SH,mix,1,0.18,2,9
JacksonCore_7,JacksonCore,7,SH,pure_deletion,0,0.00,0,3
JacksonCore_8,JacksonCore,8,SL,mix,1,0.50,1,1
JacksonCore_9,JacksonCore,9,MFMH,pure_deletion,0,0.00,0,18
JacksonCore_10,JacksonCore,10,SFMH,mix,1,0.33,2,4
JacksonCore_11,JacksonCore,11,SL,pure_deletion,0,0.00,0,1
JacksonCore_12,JacksonCore,12,MFMH,mix,1,0.29,6,15
JacksonCore_13,JacksonCore,13,SH,pure_deletion,0,0.00,0,8
JacksonCore_14,JacksonCore,14,SFMH,mix,1,0.50,3,3
JacksonCore_15,JacksonCore,15,SFMH,pure_deletion,0,0.00,0,9
JacksonCore_16,JacksonCore,16,SFMH,mix,1,0.30,6,14
JacksonCore_17,JacksonCore,17,SFMH,mix,1,0.06,3,44
JacksonCore_18,JacksonCore,18,MFMH,mix,1,0.40,8,12
JacksonCore_19,JacksonCore,19,MFMH,pure_deletion,0,0.00,0,8
JacksonCore_20,JacksonCore,20,SH,mix,1,0.09,1,10
JacksonCore_21,JacksonCore,21,SFMH,pure_deletion,0,0.00,0,2
JacksonCore_22,JacksonCore,22,SFMH,mix,1,0.16,3,16
JacksonCore_23,JacksonCore,23,SH,pure_deletion,0,0.00,0,4
JacksonCore_24,JacksonCore,24,MFMH,mix,1,0.31,8,18
JacksonCore_25,JacksonCore,25,SL,mix,1,0.50,1,1
JacksonCore_26,JacksonCore,26,SL,pure_deletion,0,0.00,0,1
JacksonDatabind_1,JacksonDatabind,1,SL,pure_deletion,0,0.00,0,1
JacksonDatabind_2,JacksonDatabind,2,SFMH,pure_deletion,0,0.00,0,20
JacksonDatabind_3,JacksonDatabind,3,SFMH,mix,1,0.50,2,2
JacksonDatabind_4,JacksonDatabind,4,SFMH,pure_deletion,0,0.00,0,8
JacksonDatabind_5,JacksonDatabind,5,SFMH,pure_deletion,0,0.00,0,5
JacksonDatabind_6,JacksonDatabind,6,SFMH,mix,1,0.13,4,27
JacksonDatabind_7,JacksonDatabind,7,SFMH,pure_deletion,0,0.00,0,12
JacksonDatabind_8,JacksonDatabind,8,SFMH,mix,1,0.08,1,12
JacksonDatabind_9,JacksonDatabind,9,SFMH,mix,1,0.14,1,6
JacksonDatabind_10,JacksonDatabind,10,MFMH,mix,1,0.14,3,19
JacksonDatabind_11,JacksonDatabind,11,SFMH,mix,1,0.50,2,2
JacksonDatabind_12,JacksonDatabind,12,SH,mix,1,0.25,1,3
JacksonDatabind_13,JacksonDatabind,13,MFMH,pure_deletion,0,0.00,0,6
JacksonDatabind_14,JacksonDatabind,14,SFMH,mix,1,0.07,1,14
JacksonDatabind_15,JacksonDatabind,15,MFMH,mix,1,0.19,8,35
JacksonDatabind_16,JacksonDatabind,16,SL,mix,1,0.50,1,1
JacksonDatabind_17,JacksonDatabind,17,SL,mix,1,0.50,1,1
JacksonDatabind_18,JacksonDatabind,18,SFMH,mix,1,0.20,16,66
JacksonDatabind_19,JacksonDatabind,19,SH,pure_deletion,0,0.00,0,3
JacksonDatabind_20,JacksonDatabind,20,SFMH,pure_deletion,0,0.00,0,2
JacksonDatabind_21,JacksonDatabind,21,SFMH,pure_deletion,0,0.00,0,17
JacksonDatabind_22,JacksonDatabind,22,MFMH,mix,1,0.32,17,36
JacksonDatabind_23,JacksonDatabind,23,SFMH,pure_deletion,0,0.00,0,29
JacksonDatabind_24,JacksonDatabind,24,SFMH,pure_addition,1,0.67,2,1
JacksonDatabind_25,JacksonDatabind,25,MFMH,mix,1,0.50,4,4
JacksonDatabind_26,JacksonDatabind,26,SFMH,mix,1,0.25,1,3
JacksonDatabind_27,JacksonDatabind,27,SL,mix,1,0.50,1,1
JacksonDatabind_28,JacksonDatabind,28,SFMH,pure_addition,1,0.57,4,3
JacksonDatabind_29,JacksonDatabind,29,SFMH,pure_deletion,0,0.00,0,7
JacksonDatabind_30,JacksonDatabind,30,MFMH,pure_deletion,0,0.00,0,17
JacksonDatabind_31,JacksonDatabind,31,SFMH,mix,1,0.29,18,44
JacksonDatabind_32,JacksonDatabind,32,SFMH,pure_deletion,0,0.00,0,3
JacksonDatabind_33,JacksonDatabind,33,SH,mix,1,0.20,1,4
JacksonDatabind_34,JacksonDatabind,34,SL,mix,1,0.50,1,1
JacksonDatabind_35,JacksonDatabind,35,SFMH,mix,1,0.40,4,6
JacksonDatabind_36,JacksonDatabind,36,SFMH,pure_deletion,0,0.00,0,11
JacksonDatabind_37,JacksonDatabind,37,SL,mix,1,0.50,1,1
JacksonDatabind_38,JacksonDatabind,38,MFMH,mix,1,0.11,4,33
JacksonDatabind_39,JacksonDatabind,39,SFMH,pure_deletion,0,0.00,0,10
JacksonDatabind_40,JacksonDatabind,40,SFMH,pure_deletion,0,0.00,0,9
JacksonDatabind_41,JacksonDatabind,41,SFMH,mix,1,0.25,2,6
JacksonDatabind_42,JacksonDatabind,42,SH,pure_deletion,0,0.00,0,3
JacksonDatabind_43,JacksonDatabind,43,SFMH,mix,1,0.40,2,3
JacksonDatabind_44,JacksonDatabind,44,SFMH,pure_deletion,0,0.00,0,26
JacksonDatabind_45,JacksonDatabind,45,SH,mix,1,0.33,1,2
JacksonDatabind_46,JacksonDatabind,46,SL,mix,1,0.50,1,1
JacksonDatabind_47,JacksonDatabind,47,SFMH,pure_deletion,0,0.00,0,9
JacksonDatabind_48,JacksonDatabind,48,MFMH,pure_deletion,0,0.00,0,12
JacksonDatabind_49,JacksonDatabind,49,SFMH,pure_deletion,0,0.00,0,2
JacksonDatabind_50,JacksonDatabind,50,SFMH,pure_deletion,0,0.00,0,42
JacksonDatabind_51,JacksonDatabind,51,SFMH,pure_deletion,0,0.00,0,2
JacksonDatabind_52,JacksonDatabind,52,MFMH,mix,1,0.06,1,15
JacksonDatabind_53,JacksonDatabind,53,MFMH,mix,1,0.22,21,76
JacksonDatabind_54,JacksonDatabind,54,SFMH,mix,1,0.50,2,2
JacksonDatabind_55,JacksonDatabind,55,SFMH,mix,1,0.04,1,27
JacksonDatabind_56,JacksonDatabind,56,SFMH,mix,1,0.14,2,12
JacksonDatabind_57,JacksonDatabind,57,SL,mix,1,0.50,1,1
JacksonDatabind_58,JacksonDatabind,58,SFMH,pure_deletion,0,0.00,0,5
JacksonDatabind_59,JacksonDatabind,59,MFMH,pure_deletion,0,0.00,0,46
JacksonDatabind_60,JacksonDatabind,60,SFMH,mix,1,0.01,1,88
JacksonDatabind_61,JacksonDatabind,61,MFMH,pure_deletion,0,0.00,0,9
JacksonDatabind_62,JacksonDatabind,62,SH,pure_deletion,0,0.00,0,8
JacksonDatabind_63,JacksonDatabind,63,SFMH,mix,1,0.14,2,12
JacksonDatabind_64,JacksonDatabind,64,SFMH,mix,1,0.22,2,7
JacksonDatabind_66,JacksonDatabind,66,SFMH,mix,1,0.12,1,7
JacksonDatabind_67,JacksonDatabind,67,SFMH,mix,1,0.40,2,3
JacksonDatabind_68,JacksonDatabind,68,SFMH,mix,1,0.52,34,32
JacksonDatabind_69,JacksonDatabind,69,SFMH,mix,1,0.38,6,10
JacksonDatabind_70,JacksonDatabind,70,SL,mix,1,0.50,1,1
JacksonDatabind_71,JacksonDatabind,71,SL,mix,1,0.50,1,1
JacksonDatabind_72,JacksonDatabind,72,SFMH,mix,1,0.25,1,3
JacksonDatabind_73,JacksonDatabind,73,MFMH,mix,1,0.22,2,7
JacksonDatabind_74,JacksonDatabind,74,SH,pure_deletion,0,0.00,0,7
JacksonDatabind_75,JacksonDatabind,75,SFMH,mix,1,0.45,5,6
JacksonDatabind_76,JacksonDatabind,76,SH,pure_addition,1,0.95,21,1
JacksonDatabind_77,JacksonDatabind,77,SFMH,mix,1,0.06,1,16
JacksonDatabind_78,JacksonDatabind,78,SFMH,pure_deletion,0,0.00,0,25
JacksonDatabind_79,JacksonDatabind,79,MFMH,mix,1,0.28,5,13
JacksonDatabind_80,JacksonDatabind,80,SFMH,pure_deletion,0,0.00,0,4
JacksonDatabind_81,JacksonDatabind,81,SFMH,mix,1,0.09,3,32
JacksonDatabind_82,JacksonDatabind,82,SL,mix,1,0.50,1,1
JacksonDatabind_83,JacksonDatabind,83,SFMH,pure_addition,1,1.00,2,0
JacksonDatabind_84,JacksonDatabind,84,SH,pure_deletion,0,0.00,0,7
JacksonDatabind_85,JacksonDatabind,85,SFMH,mix,1,0.22,11,38
JacksonDatabind_86,JacksonDatabind,86,SH,pure_deletion,0,0.00,0,7
JacksonDatabind_87,JacksonDatabind,87,SFMH,mix,1,0.35,7,13
JacksonDatabind_88,JacksonDatabind,88,SFMH,pure_deletion,0,0.00,0,4
JacksonDatabind_90,JacksonDatabind,90,MFMH,mix,1,0.10,1,9
JacksonDatabind_91,JacksonDatabind,91,SFMH,mix,1,0.10,1,9
JacksonDatabind_92,JacksonDatabind,92,SFMH,pure_deletion,0,0.00,0,6
JacksonDatabind_93,JacksonDatabind,93,SH,mix,1,0.50,2,2
JacksonDatabind_94,JacksonDatabind,94,SFMH,pure_deletion,0,0.00,0,5
JacksonDatabind_95,JacksonDatabind,95,MFMH,mix,1,0.50,4,4
JacksonDatabind_96,JacksonDatabind,96,SL,mix,1,0.50,1,1
JacksonDatabind_97,JacksonDatabind,97,SL,mix,1,0.50,1,1
JacksonDatabind_98,JacksonDatabind,98,SH,mix,1,0.09,1,10
JacksonDatabind_99,JacksonDatabind,99,SL,pure_deletion,0,0.00,0,1
JacksonDatabind_100,JacksonDatabind,100,SFMH,pure_addition,1,0.75,9,3
JacksonDatabind_101,JacksonDatabind,101,SFMH,mix,1,0.17,1,5
JacksonDatabind_102,JacksonDatabind,102,SH,pure_addition,1,1.00,3,0
JacksonDatabind_103,JacksonDatabind,103,MFMH,mix,1,0.43,24,32
JacksonDatabind_104,JacksonDatabind,104,SFMH,pure_deletion,0,0.00,0,20
JacksonDatabind_105,JacksonDatabind,105,SFMH,mix,1,0.17,1,5
JacksonDatabind_106,JacksonDatabind,106,SFMH,pure_deletion,0,0.00,0,6
JacksonDatabind_107,JacksonDatabind,107,SL,mix,1,0.50,1,1
JacksonDatabind_108,JacksonDatabind,108,SFMH,mix,1,0.03,1,31
JacksonDatabind_109,JacksonDatabind,109,MFMH,pure_deletion,0,0.00,0,51
JacksonDatabind_110,JacksonDatabind,110,SFMH,mix,1,0.25,1,3
JacksonDatabind_111,JacksonDatabind,111,MFMH,mix,1,0.38,9,15
JacksonDatabind_112,JacksonDatabind,112,SFMH,mix,1,0.20,1,4
Lang_1,Lang,1,SFMH,mix,1,0.15,2,11
Lang_3,Lang,3,SFMH,pure_deletion,0,0.00,0,4
Lang_4,Lang,4,SFMH,mix,1,0.50,4,4
Lang_5,Lang,5,SFMH,pure_deletion,0,0.00,0,21
Lang_6,Lang,6,SL,mix,1,0.50,1,1
Lang_7,Lang,7,SFMH,mix,1,0.50,3,3
Lang_8,Lang,8,SFMH,mix,1,0.67,2,1
Lang_9,Lang,9,SH,pure_deletion,0,0.00,0,3
Lang_10,Lang,10,SFMH,pure_addition,1,1.00,9,0
Lang_11,Lang,11,SH,pure_deletion,0,0.00,0,4
Lang_12,Lang,12,SFMH,pure_deletion,0,0.00,0,7
Lang_13,Lang,13,SFMH,pure_deletion,0,0.00,0,19
Lang_14,Lang,14,SFMH,pure_deletion,0,0.00,0,3
Lang_15,Lang,15,SFMH,mix,1,0.50,4,4
Lang_16,Lang,16,SL,mix,1,0.50,1,1
Lang_17,Lang,17,SFMH,pure_addition,1,0.75,9,3
Lang_19,Lang,19,SFMH,mix,1,0.25,3,9
Lang_20,Lang,20,SFMH,mix,1,0.50,2,2
Lang_21,Lang,21,SL,mix,1,0.50,1,1
Lang_22,Lang,22,SFMH,mix,1,0.12,1,7
Lang_23,Lang,23,SFMH,pure_deletion,0,0.00,0,31
Lang_24,Lang,24,SL,mix,1,0.50,1,1
Lang_26,Lang,26,SL,mix,1,0.50,1,1
Lang_27,Lang,27,SFMH,mix,1,0.20,1,4
Lang_28,Lang,28,SFMH,pure_deletion,0,0.00,0,6
Lang_29,Lang,29,SL,mix,1,0.50,1,1
Lang_30,Lang,30,SFMH,mix,1,0.10,5,43
Lang_31,Lang,31,SFMH,pure_deletion,0,0.00,0,8
Lang_32,Lang,32,SFMH,mix,1,0.32,8,17
Lang_33,Lang,33,SL,mix,1,0.50,1,1
Lang_34,Lang,34,SFMH,mix,1,0.50,2,2
Lang_35,Lang,35,SFMH,mix,1,0.50,2,2
Lang_36,Lang,36,SFMH,mix,1,0.10,1,9
Lang_37,Lang,37,SFMH,pure_deletion,0,0.00,0,8
Lang_38,Lang,38,SL,pure_deletion,0,0.00,0,1
Lang_39,Lang,39,SH,pure_deletion,0,0.00,0,3
Lang_40,Lang,40,SH,mix,1,0.11,1,8
Lang_41,Lang,41,SFMH,mix,1,0.09,2,21
Lang_42,Lang,42,SFMH,mix,1,0.22,2,7
Lang_43,Lang,43,SL,pure_deletion,0,0.00,0,1
Lang_44,Lang,44,SH,pure_deletion,0,0.00,0,3
Lang_45,Lang,45,SH,pure_deletion,0,0.00,0,3
Lang_46,Lang,46,SFMH,mix,1,0.41,7,10
Lang_47,Lang,47,SFMH,pure_deletion,0,0.00,0,6
Lang_49,Lang,49,SH,pure_deletion,0,0.00,0,3
Lang_50,Lang,50,SFMH,pure_addition,1,0.62,10,6
Lang_51,Lang,51,SL,pure_deletion,0,0.00,0,1
Lang_52,Lang,52,SH,pure_deletion,0,0.00,0,4
Lang_53,Lang,53,SFMH,mix,1,0.50,2,2
Lang_54,Lang,54,SH,pure_deletion,0,0.00,0,3
Lang_55,Lang,55,SFMH,pure_deletion,0,0.00,0,2
Lang_56,Lang,56,SFMH,mix,1,0.25,2,6
Lang_57,Lang,57,SL,mix,1,0.50,1,1
Lang_58,Lang,58,SH,pure_addition,1,0.67,2,1
Lang_59,Lang,59,SL,mix,1,0.50,1,1
Lang_60,Lang,60,SFMH,mix,1,0.50,2,2
Lang_61,Lang,61,SL,mix,1,0.50,1,1
Lang_62,Lang,62,SFMH,pure_deletion,0,0.00,0,8
Lang_63,Lang,63,SFMH,pure_addition,1,0.87,20,3
Lang_64,Lang,64,SFMH,pure_deletion,0,0.00,0,21
Lang_65,Lang,65,SFMH,pure_deletion,0,0.00,0,30
Collections_1,Collections,1,SFMH,pure_deletion,0,0.00,0,6
Collections_2,Collections,2,SFMH,mix,1,0.13,2,13
Collections_3,Collections,3,SL,mix,1,0.50,1,1
Collections_4,Collections,4,SFMH,mix,1,0.46,6,7
Collections_5,Collections,5,SFMH,mix,1,0.17,1,5
Collections_6,Collections,6,SFMH,mix,1,0.50,6,6
Collections_7,Collections,7,SFMH,mix,1,0.35,14,26
Collections_8,Collections,8,SFMH,mix,1,0.25,1,3
Collections_9,Collections,9,SL,mix,1,0.50,1,1
Collections_10,Collections,10,SFMH,mix,1,0.40,2,3
Collections_11,Collections,11,SH,pure_deletion,0,0.00,0,4
Collections_12,Collections,12,SH,mix,1,0.33,1,2
Collections_13,Collections,13,SH,mix,1,0.20,1,4
Collections_14,Collections,14,SH,mix,1,0.17,1,5
Collections_15,Collections,15,SFMH,mix,1,0.50,3,3
Collections_16,Collections,16,SH,mix,1,0.05,1,20
Collections_17,Collections,17,SFMH,mix,1,0.17,1,5
Collections_18,Collections,18,SFMH,mix,1,0.35,7,13
Collections_19,Collections,19,SFMH,mix,1,0.29,2,5
Collections_20,Collections,20,SFMH,pure_addition,1,0.62,5,3
Collections_21,Collections,21,SFMH,mix,1,0.33,1,2
Collections_22,Collections,22,SFMH,mix,1,0.33,2,4
Collections_23,Collections,23,SH,mix,1,0.14,1,6
Collections_24,Collections,24,SFMH,mix,1,0.12,1,7
Collections_25,Collections,25,SFMH,mix,1,0.25,3,9
Collections_26,Collections,26,SL,mix,1,0.50,1,1
Collections_27,Collections,27,SH,pure_deletion,0,0.00,0,7
Collections_28,Collections,28,SH,pure_deletion,0,0.00,0,10
